branch,mode,n,HR@5,NDCG@5,HR@10,NDCG@10,HR@20,NDCG@20,MRR,gt_delta_mean,gt_delta_pos_frac,gt_delta_zero_frac,gt_delta_neg_frac
A_current_baseline,full_model,2000,0.48,0.3628,0.6015,0.4022,0.74,0.4371,0.3566,0.020147,0.9175,0.0815,0.001
A_current_baseline,intent_only,2000,0.4625,0.3503,0.5875,0.3907,0.72,0.4241,0.3463,0.002253,0.083,0.917,0.0
A_current_baseline,persona_only,2000,0.5065,0.3838,0.629,0.4236,0.7665,0.4584,0.3754,0.064997,0.915,0.085,0.0
B_recalibrated,full_model,2000,0.459,0.3486,0.588,0.3904,0.721,0.4239,0.3457,0.002963,0.9175,0.0815,0.001
B_recalibrated,intent_only,2000,0.4565,0.3476,0.5865,0.3898,0.7205,0.4235,0.3455,0.00063,0.083,0.917,0.0
B_recalibrated,persona_only,2000,0.5065,0.3838,0.629,0.4236,0.7665,0.4584,0.3754,0.064997,0.915,0.085,0.0
D_heuristic_control,full_model,2000,0.4935,0.3718,0.6145,0.4113,0.75,0.4453,0.3638,0.051924,0.9235,0.075,0.0015
D_heuristic_control,intent_only,2000,0.449,0.3393,0.581,0.3822,0.717,0.4164,0.3375,0.005649,0.238,0.762,0.0
D_heuristic_control,persona_only,2000,0.5065,0.3838,0.629,0.4236,0.7665,0.4584,0.3754,0.064997,0.915,0.085,0.0
